NLAID,LAGOSID
NLA06608-NELP-1330,"7579"
NLA06608-0401,"7585"
NLA12_ME-R07,"8462"
NLA06608-ELS:1E3-002,"81970"
NLA06608-NELP-3355,"7977"
NLA06608-ELS:1E3-071,"22626"
NLA12_ME-104,"84101"
NLA06608-NELP-0955,"7821"
NLA06608-EMAP:ME012L,"7502"
NLA06608-ELS:1E3-012,"7815"
NLA06608-NELP-2155,"141398"
NLA12_ME-105,"25821"
NLA12_ME-129,"34079"
NLA12_ME-113,"95465"
NLA06608-ELS:1E1-052,"73542"
NLA12_ME-135,"90380"
NLA06608-NELP-0253,"8249"
NLA06608-EMAP:ME011L,"8360"
NLA12_ME-115,"8063"
NLA12_ME-120,"98543"
NLA06608-NELP-3586,"7928"
NLA12_ME-116,"70496"
NLA12_ME-102,"7712"
NLA12_ME-109,"7676"
NLA06608-ELS:1C3-003,"105746"
NLA06608-ELS:1E2-027,"67465"
NLA06608-1174,"8242"
NLA12_ME-114,"8397"
NLA12_ME-130,"76714"
NLA12_NH-102,"5826"
NLA12_ME-106,"8514"
NLA12_ME-R02,"284"
NLA06608-ELS:1E1-096,"7717"
NLA12_ME-R08,"7828"
NLA06608-EMAP:ME263L,"7840"
NLA12_ME-122,"11175"
NLA12_ME-107,"11172"
NLA06608-1558,"11168"
NLA06608-ELS:1E1-128,"71508"
NLA06608-ALPS-1218,"80929"
NLA12_ME-R11,"8467"
NLA12_ME-126,"128989"
NLA12_ME-118,"7854"
NLA06608-NH250L,"5650"
NLA12_NH-115,"5948"
NLA12_ME-137,"20496"
NLA12_ME-110,"8042"
NLA12_NH-107,"27868"
NLA12_NH-101,"6016"
NLA12_ME-121,"7672"
NLA12_NH-111,"5863"
NLA12_NH-104,"5610"
NLA12_NH-R04,"5855"
NLA06608-0546,"17315"
NLA06608-0610,"6141"
NLA12_NH-109,"6296"
NLA06608-0050,"5748"
NLA06608-0930,"5592"
NLA06608-ELS:1C2-032,"6273"
NLA06608-0226,"107779"
NLA06608-0418,"6164"
NLA06608-0354,"51959"
NLA06608-0470,"5677"
NLA12_NH-108,"5993"
NLA06608-0738,"5949"
NLA12_MA-103,"42647"
NLA06608-0550,"5909"
NLA06608-0662,"6323"
NLA12_MA-110,"96546"
NLA12_VT-144,"5070"
NLA12_VT-174,"111945"
NLA12_VT-159,"2219"
NLA12_VT-121,"127948"
NLA12_MA-109,"40"
NLA12_VT-115,"128970"
NLA12_NH-105,"5934"
NLA06608-0982,"5542"
NLA12_VT-158,"170"
NLA12_VT-153,"137235"
NLA12_VT-139,"74627"
NLA06608-0802,"122399"
NLA12_VT-165,"198"
NLA12_VT-106,"907"
NLA12_VT-169,"2926"
NLA12_MA-105,"127944"
NLA12_VT-143,"5227"
NLA12_VT-109,"1910"
NLA12_VT-155,"5310"
NLA12_VT-152,"242"
NLA12_VT-175,"896"
NLA12_MA-106,"123533"
NLA12_NH-112,"26910"
NLA12_VT-132,"15274"
NLA12_VT-164,"4360"
NLA06608-0582,"7140"
NLA12_CT-107,"68485"
NLA06608-9999,"4449"
NLA06608-0674,"49"
NLA12_VT-125,"410"
NLA12_VT-157,"31025"
NLA12_MA-105,"114986"
NLA06608-ELS:1D2-087,"18378"
NLA12_CT-102,"7329"
NLA12_VT-168,"3211"
NLA12_RI-112,"50927"
NLA12_RI-110,"23811"
NLA06608-2354,"8354"
NLA12_RI-111,"8335"
NLA06608-0198,"5068"
NLA06608-0754,"7961"
NLA12_RI-108,"71546"
NLA12_RI-108,"8333"
NLA06608-0690,"46742"
NLA12_RI-102,"7695"
NLA06608-2566,"7788"
NLA12_RI-103,"7460"
NLA06608-2162,"7970"
NLA12_MA-101,"126901"
NLA12_RI-104,"7593"
NLA06608-1586,"7832"
NLA12_RI-113,"31064"
NLA12_MA-102,"37325"
NLA12_MA-102,"73599"
NLA06608-ELS:1D1-035,"121371"
NLA06608-3846,"8365"
NLA06608-1906,"8292"
NLA12_MA-108,"43708"
NLA12_MA-111,"90442"
NLA06608-1222,"12226"
NLA06608-1122,"119222"
NLA12_RI-104,"7544"
NLA12_RI-112,"41593"
NLA06608-0242,"7324"
NLA06608-4413,"24849"
NLA12_CT-108,"123501"
NLA06608-0326,"7350"
NLA12_CT-104,"7088"
NLA12_CT-115,"92485"
NLA06608-0293,"7340"
NLA12_CT-126,"6582"
NLA06608-3890,"18436"
NLA12_CT-118,"6578"
NLA06608-1010,"7429"
NLA06608-1414,"6441"
NLA06608-0101,"6729"
NLA12_CT-103,"76789"
NLA06608-0946,"6698"
NLA06608-3890,"6421"
NLA06608-1125,"6761"
NLA06608-0805,"6590"
NLA06608-0037,"6733"
NLA06608-1010,"6902"
NLA12_NJ-107,"1125"
NLA12_NY-R03,"37368"
NLA12_VT-141,"135"
NLA06608-1101,"68538"
NLA12_NY-R11,"121423"
NLA06608-0421,"119265"
NLA12_VT-171,"12270"
NLA12_NY-0111,"128914"
NLA12_VT-171,"65469"
NLA12_NJ-105,"2631"
NLA12_NY-R08,"57149"
NLA12_NY-R06,"132074"
NLA12_NY-0110,"137155"
NLA06608-0333,"18463"
NLA12_NJ-118,"4184"
NLA12_NJ-106,"862"
NLA06608-0333,"22794"
NLA12_NJ-102,"2149"
NLA12_NJ-103,"87361"
NLA12_NJ-102,"13302"
NLA12_NJ-R01,"92528"
NLA12_NY-0108,"119279"
NLA06608-1037,"118218"
NLA12_NJ-119,"2633"
NLA06608-1273,"123545"
NLA12_NJ-104,"30086"
NLA06608-1421,"103765"
NLA06608-1421,"54178"
NLA06608-0717,"141798"
NLA06608-2253,"141802"
NLA12_DE-107,"141821"
NLA12_NJ-108,"1098"
NLA12_NJ-108,"98709"
NLA12_NJ-108,"1420"
NLA12_PA-102,"6635"
NLA06608-1637,"17452"
NLA12_PA-106,"104835"
NLA06608-0141,"11328"
NLA06608-0029,"142079"
NLA12_PA-117,"127844"
NLA12_NJ-131,"123565"
NLA12_NJ-108,"97678"
NLA12_PA-108,"57244"
NLA06608-1189,"62377"
NLA06608-0185,"9357"
NLA06608-0469,"7414"
NLA06608-0869,"7120"
NLA12_NJ-101,"3056"
NLA06608-1209,"32228"
NLA06608-1741,"142330"
NLA12_PA-R10,"94645"
NLA12_NY-R07,"115137"
NLA12_PA-105,"74796"
NLA12_PA-110,"77961"
NLA12_PA-114,"135108"
NLA06608-0514,"6756"
NLA06608-1401,"129899"
NLA06608-0149,"59358"
NLA06608-0377,"39561"
NLA12_PA-118,"46861"
NLA06608-0661,"6978"
NLA06608-0386,"76883"
NLA12_NY-0112,"129908"
NLA12_PA-109,"133031"
NLA12_MD-118,"142483"
NLA06608-R31,"142983"
NLA06608-1821,"143080"
NLA12_WV-113,"143169"
NLA06608-R315,"143328"
NLA12_MD-108,"143422"
NLA12_MD-108,"143423"
NLA12_VA-110,"143451"
NLA06608-R32,"15418"
NLA12_WV-115,"33239"
NLA06608-1517,"143755"
NLA12_VA-126,"143843"
NLA06608-1538,"96668"
NLA06608-0541,"144054"
NLA06608-R334,"66607"
NLA06608-0493,"144101"
NLA12_VA-118,"144142"
NLA06608-0489,"145640"
NLA12_VA-106,"145909"
NLA12_VA-123,"145998"
NLA06608-0045,"146300"
NLA12_DE-105,"146670"
NLA06608-R326,"146689"
NLA06608-0153,"146718"
NLA12_VA-105,"146929"
NLA06608-1005,"147518"
NLA06608-R319,"147679"
NLA12_VA-R18,"147737"
NLA12_VA-112,"147753"
NLA12_MD-105,"147876"
NLA06608-2333,"147878"
NLA12_DE-121,"147882"
NLA12_VA-R05,"147886"
NLA06608-R323,"147887"
NLA12_VA-R06,"147891"
NLA12_VA-130,"148003"
NLA12_VA-121,"148292"
NLA06608-R323,"148328"
NLA12_VA-119,"148329"
NLA06608-0285,"148481"
NLA06608-R314,"148540"
NLA06608-R322,"149463"
NLA06608-0345,"149498"
NLA06608-0989,"150029"
NLA12_VA-111,"150069"
NLA12_VA-125,"150204"
NLA12_VA-127,"150209"
NLA06608-R318,"150251"
NLA06608-0413,"150408"
NLA12_VA-111,"150465"
NLA12_VA-116,"150979"
NLA12_VA-109,"150980"
NLA12_VA-R14,"150983"
NLA06608-0921,"152064"
NLA06608-0217,"152069"
NLA06608-1245,"152360"
NLA12_NC-134,"153538"
NLA12_NC-114,"153599"
NLA06608-1181,"153941"
NLA06608-0857,"154409"
NLA06608-1241,"155024"
NLA12_NC-107,"155253"
NLA06608-1241,"155322"
NLA06608-1177,"155478"
NLA06608-1369,"155604"
NLA12_NC-116,"155636"
NLA12_NC-103,"155732"
NLA12_NC-115,"155801"
NLA12_NC-127,"156593"
NLA06608-0473,"157613"
NLA12_NC-124,"157759"
NLA06608-0473,"158476"
NLA06608-0281,"158905"
NLA06608-0313,"159575"
NLA06608-0057,"159754"
NLA12_SC-106,"160164"
NLA06608-1113,"160428"
NLA12_SC-118,"160822"
NLA12_SC-102,"160874"
NLA06608-0361,"160915"
NLA06608-1087,"160938"
NLA12_SC-118,"161493"
NLA12_SC-118,"161498"
NLA12_SC-118,"161514"
NLA12_SC-112,"161840"
NLA06608-1001,"162179"
NLA06608-0089,"162292"
NLA06608-0025,"162542"
NLA12_NC-101,"162564"
NLA12_SC-105,"162752"
NLA12_SC-118,"162921"
NLA12_NC-108,"163110"
NLA12_SC-118,"163633"
NLA12_SC-118,"163653"
NLA12_SC-127,"163673"
NLA06608-0361,"163755"
NLA06608-1113,"163756"
NLA12_SC-127,"164404"
NLA12_SC-104,"164593"
NLA06608-0297,"164622"
NLA12_SC-118,"165097"
NLA06608-0831,"165188"
NLA12_SC-118,"165195"
NLA06608-0319,"166849"
NLA12_GA-114,"168078"
NLA06608-1469,"168112"
NLA06608-0253,"169029"
NLA12_SC-108,"171421"
NLA06608-0594,"172102"
NLA12_GA-127,"174825"
NLA12_GA-101,"176993"
NLA06608-FL:18261987,"176999"
NLA06608-1839,"177227"
NLA12_GA-111,"177573"
NLA12_FL-R06,"178489"
NLA06608-0223,"181399"
NLA12_GA-112,"182826"
NLA12_FL-103,"184266"
NLA06608-FL:10789557,"184272"
NLA06608-FL:16674741,"184395"
NLA12_FL-114,"184860"
NLA06608-FL:10789557,"185378"
NLA06608-FL:10789557,"187043"
NLA06608-FL:10789557,"187100"
NLA06608-0069,"187306"
NLA06608-2629,"187650"
NLA06608-1733,"187848"
NLA12_FL-130,"187869"
NLA06608-FL:10789557,"188097"
NLA06608-0325,"188104"
NLA06608-FL:10789557,"188146"
NLA12_FL-105,"188719"
NLA06608-FL:10789557,"189231"
NLA06608-0453,"189765"
NLA06608-1733,"189773"
NLA06608-1413,"189774"
NLA06608-1861,"189777"
NLA12_FL-R04,"189913"
NLA06608-1733,"189937"
NLA06608-0709,"190092"
NLA06608-1861,"190287"
NLA06608-FL:10789557,"190321"
NLA06608-FL:10789557,"191429"
NLA12_FL-104,"191448"
NLA06608-FL:10789557,"191953"
NLA12_FL-132,"194329"
NLA12_FL-101,"196849"
NLA12_FL-126,"196852"
NLA06608-2565,"199971"
NLA06608-1569,"200695"
NLA12_FL-123,"201144"
NLA12_FL-110,"202213"
NLA06608-1185,"205355"
NLA06608-0161,"206550"
NLA06608-0865,"207559"
NLA12_FL-102,"208928"
NLA06608-1825,"208944"
NLA06608-0609,"209587"
NLA12_FL-107,"211194"
NLA06608-0609,"211893"
NLA06608-1482,"218735"
NLA06608-0458,"218911"
NLA06608-FL:99324403,"219377"
NLA06608-FL:99344895,"220380"
NLA12_GA-R11,"220539"
NLA06608-2074,"220580"
NLA06608-2074,"221326"
NLA06608-0207,"223721"
NLA06608-1039,"224016"
NLA12_GA-103,"227207"
NLA12_GA-R01,"229121"
NLA06608-0815,"229198"
NLA12_GA-103,"230217"
NLA12_GA-107,"230402"
NLA12_FL-141,"232006"
NLA06608-0618,"233339"
NLA06608-2154,"235777"
NLA06608-1323,"236196"
NLA06608-0395,"236198"
NLA06608-2955,"236199"
NLA12_AL-103,"236201"
NLA06608-2091,"236466"
NLA06608-2955,"236725"
NLA12_AL-103,"236775"
NLA12_AL-103,"236791"
NLA06608-2091,"237209"
NLA06608-2831,"237213"
NLA12_AL-103,"237758"
NLA12_AL-114,"237803"
NLA06608-2831,"237900"
NLA06608-1711,"238148"
NLA06608-2091,"238566"
NLA06608-2955,"238645"
NLA06608-2955,"238684"
NLA06608-2955,"238714"
NLA12_GA-118,"239116"
NLA06608-0651,"239134"
NLA12_AL-103,"239685"
NLA06608-2955,"239711"
NLA06608-0591,"240043"
NLA06608-2091,"240524"
NLA06608-2955,"240615"
NLA06608-1323,"241071"
NLA12_AL-103,"241074"
NLA06608-2955,"241438"
NLA06608-1871,"241676"
NLA06608-2831,"241760"
NLA06608-2831,"241804"
NLA06608-2831,"242730"
NLA06608-0591,"243038"
NLA06608-0591,"243039"
NLA06608-2955,"243556"
NLA06608-0395,"244044"
NLA12_AL-104,"244048"
NLA12_AL-104,"244053"
NLA12_AL-104,"244054"
NLA06608-2187,"244057"
NLA06608-0283,"244532"
NLA12_AL-104,"244535"
NLA12_AL-104,"244541"
NLA12_AL-104,"244555"
NLA12_AL-104,"244562"
NLA12_AL-R05,"244599"
NLA12_AL-104,"244745"
NLA12_AL-104,"244749"
NLA12_MS-128,"244897"
NLA12_AL-104,"245181"
NLA12_AL-104,"245182"
NLA12_AL-104,"245213"
NLA12_AL-104,"245222"
NLA12_AL-112,"245755"
NLA12_AL-104,"245887"
NLA12_AL-104,"245909"
NLA06608-2187,"246088"
NLA12_AL-113,"247141"
NLA06608-0283,"247198"
NLA06608-0283,"247244"
NLA06608-0283,"247245"
NLA12_AL-104,"247258"
NLA06608-0843,"247376"
NLA06608-0203,"247445"
NLA12_MS-112,"247643"
NLA12_AL-104,"247879"
NLA12_AL-104,"247910"
NLA12_AL-104,"248118"
NLA06608-2187,"248121"
NLA12_AL-102,"248123"
NLA12_AL-105,"248372"
NLA06608-0283,"248559"
NLA12_AL-104,"248598"
NLA12_AL-104,"248613"
NLA06608-0283,"249221"
NLA06608-0283,"249234"
NLA12_AL-104,"249243"
NLA12_AL-104,"249244"
NLA06608-2010,"250051"
NLA12_MS-105,"250466"
NLA12_MS-103,"252636"
NLA12_MS-125,"252949"
NLA12_MS-126,"255937"
NLA12_MN-R14,"126759"
NLA12_WI-163,"4375"
NLA06608-0318,"36375"
NLA12_MN-346,"1022"
NLA12_MN-170,"2751"
NLA12_MN-102,"3213"
NLA06608-0890,"918"
NLA12_MN-218,"352"
NLA06608-1018,"136070"
NLA06608-1274,"1760"
NLA12_MN-214,"41768"
NLA12_WI-142,"134064"
NLA12_MN-342,"3869"
NLA12_WI-135,"4298"
NLA06608-ELS:2B2-008,"62439"
NLA06608-1654,"14464"
NLA12_MI-125,"34311"
NLA06608-1758,"2638"
NLA06608-1358,"3509"
NLA06608-R5:KATHRYN,"3055"
NLA12_MI-116,"71691"
NLA06608-1398,"82189"
NLA06608-1398,"135059"
NLA06608-1742,"714"
NLA12_MI-162,"4123"
NLA12_MI-169,"56253"
NLA12_WI-154,"121541"
NLA06608-0291,"58373"
NLA12_MI-137,"74869"
NLA06608-WI:Sy,"2476"
NLA06608-0630,"101839"
NLA06608-1059,"4002"
NLA12_WI-161,"4712"
NLA12_WI-R08,"14487"
NLA06608-1059,"43895"
NLA06608-0542,"1074"
NLA06608-0974,"129844"
NLA12_WI-176,"1634"
NLA12_WI-181,"4355"
NLA12_WI-107,"4714"
NLA06608-0291,"69714"
NLA06608-0627,"4785"
NLA06608-1206,"97802"
NLA06608-ELS:2C2-048,"114158"
NLA12_WI-112,"131916"
NLA12_WI-132,"4604"
NLA12_MI-R09,"864"
NLA12_MI-148,"73797"
NLA06608-0115,"4433"
NLA06608-1059,"74858"
NLA06608-1059,"87474"
NLA12_MI-164,"70734"
NLA06608-1059,"699"
NLA06608-2078,"119405"
NLA12_WI-113,"66664"
NLA12_WI-144,"92667"
NLA06608-1059,"79141"
NLA06608-1242,"4695"
NLA06608-1910,"19681"
NLA12_WI-128,"53262"
NLA12_WI-R11,"99782"
NLA12_MI-132,"16479"
NLA06608-0291,"5426"
NLA12_WI-117,"2512"
NLA12_WI-110,"4543"
NLA12_WI-161,"4769"
NLA06608-0286,"72724"
NLA06608-1998,"2692"
NLA12_MI-141,"107983"
NLA12_WI-129,"28086"
NLA12_MI-120,"24020"
NLA06608-1115,"7440"
NLA12_IN-134,"96735"
NLA12_WI-120,"4918"
NLA06608-1579,"4044"
NLA12_MI-108,"3538"
NLA06608-1515,"120528"
NLA12_MI-144,"100824"
NLA06608-1643,"34380"
NLA12_IN-185,"4146"
NLA06608-0299,"37531"
NLA12_MI-168,"59464"
NLA06608-0875,"130838"
NLA12_MI-109,"2110"
NLA12_IN-186,"2833"
NLA12_IN-120,"654"
NLA12_IN-199,"2133"
NLA06608-0107,"53290"
NLA12_MI-139,"15501"
NLA12_MI-151,"118400"
NLA12_IN-172,"4180"
NLA12_MI-115,"696"
NLA06608-1243,"2793"
NLA06608-1131,"554"
NLA12_MI-152,"18633"
NLA06608-1258,"67721"
NLA12_MI-101,"138088"
NLA06608-2523,"110184"
NLA12_MI-136,"73951"
NLA06608-2155,"639"
NLA06608-0555,"2501"
NLA12_IN-196,"3991"
NLA06608-1707,"1808"
NLA06608-0363,"3582"
NLA06608-0731,"4037"
NLA06608-0043,"3911"
NLA06608-IN:646,"2830"
NLA06608-2267,"257578"
NLA06608-1679,"139073"
NLA06608-0987,"576"
NLA12_IN-145,"50137"
NLA06608-0619,"54317"
NLA12_MI-172,"52224"
NLA12_IN-149,"2898"
NLA12_MI-123,"113200"
NLA12_MI-167,"75957"
NLA12_MI-128,"80188"
NLA06608-1771,"671"
NLA06608-0731,"3157"
NLA12_IN-103,"1437"
NLA06608-3035,"520"
NLA06608-0811,"75953"
NLA12_MI-129,"2234"
NLA12_MI-133,"35447"
NLA12_MI-161,"2826"
NLA06608-0874,"257843"
NLA12_MI-165,"93777"
NLA06608-1450,"628"
NLA12_MI-106,"1338"
NLA12_MI-105,"257849"
NLA12_MI-105,"1222"
NLA06608-0170,"77010"
NLA12_MI-150,"16544"
NLA12_MI-124,"24061"
NLA06608-0874,"96780"
NLA06608-1626,"2197"
NLA12_MI-130,"125820"
NLA06608-1370,"15522"
NLA06608-0938,"257885"
NLA06608-1690,"80212"
NLA12_MI-145,"6361"
NLA12_MI-177,"1141"
NLA12_MI-178,"92708"
NLA06608-1162,"1278"
NLA06608-0330,"70807"
NLA06608-2378,"104988"
NLA06608-1334,"4099"
NLA12_MI-122,"1828"
NLA12_MI-126,"130800"
NLA06608-1706,"12538"
NLA06608-0502,"85432"
NLA06608-0426,"89673"
NLA12_MI-142,"42955"
NLA06608-1014,"909"
NLA06608-MI:7007,"52293"
NLA06608-1782,"6338"
NLA06608-0463,"867"
NLA06608-1802,"1586"
NLA12_MI-155,"20816"
NLA06608-1034,"72832"
NLA12_MI-135,"101939"
NLA06608-0010,"93810"
NLA06608-1487,"820"
NLA06608-0399,"2093"
NLA06608-1835,"41938"
NLA06608-1167,"2098"
NLA12_OH-118,"2278"
NLA06608-0847,"3452"
NLA12_OH-104,"138003"
NLA12_IN-187,"3269"
NLA12_OH-112,"3695"
NLA12_OH-107,"36555"
NLA06608-1391,"141027"
NLA12_OH-107,"38660"
NLA06608-0367,"3192"
NLA12_OH-107,"258735"
NLA12_OH-107,"1947"
NLA12_OH-R03,"109195"
NLA12_OH-136,"2414"
NLA06608-0021,"44035"
NLA06608-0341,"38705"
NLA06608-1045,"119589"
NLA06608-1365,"101981"
NLA12_VT-103,"258783"
NLA12_VT-129,"147"
NLA12_VT-114,"4381"
NLA12_NY-0102,"106122"
NLA12_NY-R02,"26259"
NLA12_VT-163,"5418"
NLA12_VT-103,"258784"
NLA06608-0997,"5051"
NLA12_VT-178,"109231"
NLA12_VT-149,"23078"
NLA06608-ALSC:020149,"32472"
NLA12_NY-R04,"93857"
NLA12_NY-0102,"88697"
NLA12_VT-103,"45074"
NLA12_VT-126,"81349"
NLA06608-0038,"5579"
NLA12_VT-103,"211"
NLA06608-0993,"119574"
NLA12_NY-0102,"21973"
NLA06608-0433,"52354"
NLA12_VT-166,"1117"
NLA06608-0113,"5397"
NLA12_NY-0109,"65775"
NLA12_VT-151,"69892"
NLA12_VT-161,"122760"
NLA12_VT-123,"297"
NLA06608-0229,"132776"
NLA06608-0053,"81"
NLA12_VT-177,"4972"
NLA12_NY-0106,"132780"
NLA12_NY-0104,"53520"
NLA12_VT-103,"70894"
NLA12_VT-103,"82402"
NLA12_VT-131,"16651"
NLA12_VT-119,"5482"
NLA12_VT-135,"3665"
NLA12_VT-112,"117"
NLA06608-0806,"5364"
NLA12_VT-162,"3360"
NLA06608-0369,"5435"
NLA12_VT-138,"4995"
NLA12_VT-124,"4438"
NLA12_VT-104,"5160"
NLA12_VT-120,"62640"
NLA12_VT-110,"298"
NLA12_VT-134,"2728"
NLA06608-2086,"4795"
NLA12_VT-177,"258795"
NLA06608-0433,"53443"
NLA06608-4252,"4898"
NLA06608-0294,"4571"
NLA12_PA-107,"7086"
NLA06608-R34,"112355"
NLA06608-1789,"117455"
NLA06608-0509,"46117"
NLA12_PA-113,"6531"
NLA06608-0753,"6879"
NLA12_PA-111,"78226"
NLA12_PA-119,"7269"
NLA06608-0533,"6419"
NLA06608-1346,"107178"
NLA06608-2114,"85539"
NLA12_WV-106,"258812"
NLA12_PA-R11,"258838"
NLA06608-0066,"107177"
NLA12_WV-111,"258894"
NLA06608-0957,"258970"
NLA12_OH-115,"65818"
NLA12_OH-R02,"18816"
NLA06608-0111,"51332"
NLA06608-0111,"2553"
NLA12_PA-115,"31470"
NLA06608-0031,"47115"
NLA06608-0189,"96899"
NLA06608-0445,"3262"
NLA06608-0681,"259075"
NLA06608-0893,"2297"
NLA06608-0863,"543"
NLA12_OH-113,"103024"
NLA12_OH-137,"12639"
NLA06608-1055,"81387"
NLA12_WV-112,"259224"
NLA06608-R328,"259266"
NLA06608-0041,"259305"
NLA12_WV-R01,"259330"
NLA06608-1561,"259411"
NLA06608-0793,"259445"
NLA06608-0537,"259499"
NLA12_WV-105,"259537"
NLA06608-1561,"259543"
NLA12_OH-101,"3386"
NLA06608-OH:22,"2326"
NLA12_OH-127,"3253"
NLA06608-0479,"95928"
NLA06608-0580,"259603"
NLA06608-1359,"496"
NLA06608-0175,"33496"
NLA06608-0783,"3002"
NLA12_OH-105,"3986"
NLA12_OH-122,"104100"
NLA06608-OH:19,"13651"
NLA12_OH-134,"3644"
NLA06608-1199,"2271"
NLA06608-1007,"44125"
NLA12_IN-191,"260095"
NLA06608-0447,"260126"
NLA06608-2644,"260134"
NLA06608-1492,"260139"
NLA06608-2644,"2368"
NLA06608-1775,"260191"
NLA06608-1263,"260900"
NLA06608-1263,"260999"
NLA12_KY-107,"261212"
NLA12_KY-107,"261215"
NLA06608-1332,"262052"
NLA12_KY-114,"262469"
NLA12_IL-111,"7034"
NLA12_IN-163,"263193"
NLA06608-2283,"2106"
NLA12_IN-155,"39899"
NLA12_IN-108,"799"
NLA12_IN-164,"28295"
NLA06608-0148,"263728"
NLA12_IN-142,"109296"
NLA06608-0235,"3505"
NLA06608-2779,"2937"
NLA12_IN-201,"68880"
NLA06608-1172,"116526"
NLA12_IL-110,"103073"
NLA12_IL-111,"16701"
NLA12_IN-180,"123887"
NLA12_IN-159,"46164"
NLA12_IN-193,"114416"
NLA12_IN-127,"150"
NLA06608-2196,"127476"
NLA06608-1163,"3691"
NLA06608-0724,"265833"
NLA12_IN-179,"14697"
NLA12_IN-115,"3651"
NLA06608-2708,"32548"
NLA12_IN-171,"71938"
NLA12_IN-162,"266527"
NLA12_IN-126,"75097"
NLA06608-0900,"6970"
NLA06608-2507,"1709"
NLA06608-0196,"7033"
NLA12_IN-135,"10600"
NLA12_IN-183,"75113"
NLA12_IN-127,"52431"
NLA06608-1227,"10640"
NLA06608-2891,"65"
NLA06608-0139,"3172"
NLA12_IN-160,"132684"
NLA12_IL-111,"76136"
NLA12_IL-111,"10026"
NLA12_IL-111,"48247"
NLA12_IN-146,"1130"
NLA12_IN-128,"3365"
NLA12_IN-147,"63799"
NLA12_IN-144,"4003"
NLA06608-1499,"3203"
NLA06608-1108,"6983"
NLA06608-0020,"7005"
NLA12_IN-131,"268195"
NLA06608-1684,"62699"
NLA06608-1355,"1776"
NLA06608-0971,"2732"
NLA06608-1556,"268427"
NLA06608-0660,"268706"
NLA06608-1867,"25272"
NLA06608-0235,"2931"
NLA12_IN-106,"268846"
NLA06608-1652,"268930"
NLA06608-1652,"268986"
NLA06608-0820,"269036"
NLA06608-0255,"269051"
NLA06608-1316,"269302"
NLA06608-1652,"269520"
NLA12_KY-101,"270030"
NLA06608-1396,"270080"
NLA12_TN-119,"270107"
NLA12_IN-174,"270484"
NLA06608-1908,"505"
NLA12_IN-202,"80429"
NLA12_KY-122,"270898"
NLA12_KY-116,"270913"
NLA12_KY-122,"270914"
NLA06608-1572,"270973"
NLA06608-0980,"7305"
NLA12_IL-R03,"6751"
NLA06608-1572,"271799"
NLA12_KY-117,"271978"
NLA06608-1060,"13701"
NLA12_IL-116,"32566"
NLA06608-0868,"33570"
NLA06608-0804,"272061"
NLA12_IN-130,"1763"
NLA06608-0036,"6618"
NLA12_IN-174,"272418"
NLA12_IN-104,"88820"
NLA12_VA-R17,"272597"
NLA06608-1791,"272617"
NLA12_VA-104,"272724"
NLA12_TN-104,"272733"
NLA12_NC-109,"272935"
NLA06608-0191,"273196"
NLA06608-1668,"273309"
NLA12_TN-R01,"273531"
NLA06608-0943,"273707"
NLA06608-0239,"273808"
NLA06608-0239,"273907"
NLA06608-1044,"274403"
NLA06608-1812,"274670"
NLA06608-1044,"274671"
NLA06608-1044,"274828"
NLA06608-1044,"274832"
NLA06608-1044,"275013"
NLA06608-1812,"275147"
NLA06608-1812,"275240"
NLA12_TN-101,"275326"
NLA06608-1812,"275332"
NLA12_KY-120,"275510"
NLA12_TN-108,"275568"
NLA06608-1220,"275613"
NLA12_MN-110,"3692"
NLA12_MN-293,"32587"
NLA12_MN-229,"98143"
NLA12_MN-313,"101173"
NLA06608-MN:77-0019,"1968"
NLA12_MN-185,"45204"
NLA06608-1262,"100152"
NLA12_MN-318,"65943"
NLA12_MN-249,"97049"
NLA12_MN-240,"38918"
NLA06608-0366,"131667"
NLA12_MN-R12,"61784"
NLA12_MN-181,"110361"
NLA12_MN-196,"106260"
NLA12_MN-288,"53565"
NLA12_MN-254,"25361"
NLA06608-ELS:2D3-008,"90886"
NLA12_MN-338,"108313"
NLA06608-0878,"43198"
NLA12_MN-163,"2344"
NLA06608-0567,"814"
NLA12_MN-106,"115522"
NLA06608-MN:03-0029,"3990"
NLA12_MN-167,"126042"
NLA12_MN-144,"73034"
NLA12_MN-320,"125087"
NLA12_MN-274,"76244"
NLA12_MN-116,"1764"
NLA12_MN-106,"3017"
NLA06608-1239,"104234"
NLA06608-0403,"63864"
NLA06608-MN:15-0010,"1045"
NLA06608-1239,"77323"
NLA12_MN-200,"113417"
NLA06608-0771,"35698"
NLA06608-0215,"1834"
NLA12_MN-107,"1534"
NLA06608-0238,"2961"
NLA06608-MN:49-0140,"557"
NLA06608-0403,"79416"
NLA12_MN-126,"81546"
NLA12_MN-252,"126037"
NLA12_MN-256,"112538"
NLA12_MN-304,"79419"
NLA06608-0167,"431"
NLA06608-0743,"1876"
NLA12_MN-227,"48365"
NLA12_MN-243,"77311"
NLA12_MN-211,"50418"
NLA06608-0622,"3113"
NLA12_MN-122,"2287"
NLA12_MN-313,"93982"
NLA12_MN-180,"83682"
NLA12_MN-136,"139861"
NLA06608-0366,"131618"
NLA12_MN-245,"58648"
NLA12_MN-132,"132608"
NLA06608-MN:11-0102,"1635"
NLA12_MN-264,"120824"
NLA12_MN-108,"100096"
NLA12_MN-160,"77286"
NLA12_MN-276,"23212"
NLA12_MN-273,"163"
NLA12_MN-111,"1335"
NLA06608-0494,"2369"
NLA06608-1262,"1082"
NLA06608-0403,"3119"
NLA06608-0958,"102137"
NLA12_MN-205,"82517"
NLA06608-1239,"80511"
NLA06608-0215,"27417"
NLA12_MN-R13,"50385"
NLA12_MN-212,"65963"
NLA12_MN-272,"57689"
NLA12_MN-290,"30496"
NLA12_MN-162,"911"
NLA12_MN-221,"15833"
NLA12_MN-475,"136629"
NLA12_MN-299,"139768"
NLA12_MN-219,"27475"
NLA12_MN-221,"77347"
NLA06608-0686,"349"
NLA12_MN-152,"42222"
NLA12_MN-186,"14849"
NLA06608-2135,"33700"
NLA12_MN-251,"118765"
NLA06608-0871,"31630"
NLA12_MN-300,"42221"
NLA12_MN-427,"93068"
NLA12_MN-443,"55609"
NLA06608-MN:22-0074,"2282"
NLA12_MN-177,"30579"
NLA12_SD-158,"67062"
NLA12_MN-228,"50442"
NLA06608-MN:61-0037,"1253"
NLA12_MN-199,"99192"
NLA12_SD-103,"83703"
NLA06608-1454,"3850"
NLA12_MN-121,"3501"
NLA06608-2007,"97133"
NLA06608-1367,"137698"
NLA12_MN-427,"276082"
NLA12_MN-283,"19071"
NLA12_MN-280,"49408"
NLA06608-0935,"23286"
NLA12_MN-237,"33706"
NLA06608-1111,"101192"
NLA12_MN-315,"130488"
NLA12_MN-152,"15826"
NLA12_MN-284,"276139"
NLA12_MN-236,"110424"
NLA06608-0359,"915"
NLA06608-MN:75-0200,"3382"
NLA12_MN-123,"27485"
NLA12_MN-420,"131580"
NLA12_MN-135,"20074"
NLA12_MN-247,"139761"
NLA06608-MN:06-0002,"758"
NLA06608-MN:87-0030,"1740"
NLA12_MN-247,"1076"
NLA12_MN-235,"276191"
NLA06608-MN:87-0030,"133637"
NLA12_MN-152,"30560"
NLA12_MN-112,"328"
NLA06608-1143,"1512"
NLA06608-0183,"4338"
NLA06608-1283,"1186"
NLA12_MN-275,"58764"
NLA12_WI-171,"96136"
NLA12_MN-145,"3530"
NLA06608-1207,"4673"
NLA06608-0183,"5085"
NLA12_WI-155,"4767"
NLA06608-0926,"5050"
NLA06608-0414,"421"
NLA06608-0823,"4862"
NLA12_WI-147,"126148"
NLA12_MN-147,"140777"
NLA06608-1303,"1668"
NLA12_WI-138,"132536"
NLA06608-MN:74-0023,"1334"
NLA12_WI-127,"22282"
NLA06608-0158,"4830"
NLA12_WI-R13,"4690"
NLA06608-0007,"5347"
NLA12_WI-151,"85825"
NLA06608-1166,"4722"
NLA06608-0862,"3876"
NLA12_WI-R12,"48446"
NLA12_WI-174,"99231"
NLA06608-0435,"50510"
NLA12_WI-183,"5576"
NLA06608-0606,"4628"
NLA06608-ELS:2C3-018,"1543"
NLA12_WI-153,"118814"
NLA06608-0350,"5381"
NLA12_WI-157,"5006"
NLA12_WI-122,"128275"
NLA06608-0590,"105413"
NLA06608-1075,"4087"
NLA06608-0547,"3176"
NLA12_WI-179,"5254"
NLA12_WI-104,"5134"
NLA12_WI-131,"5115"
NLA06608-0654,"1462"
NLA12_WI-170,"25510"
NLA12_WI-109,"4454"
NLA12_WI-166,"118834"
NLA12_WI-115,"132495"
NLA06608-0462,"80615"
NLA12_WI-173,"4900"
NLA12_WI-172,"5055"
NLA06608-1884,"4717"
NLA12_IL-103,"6422"
NLA12_IA-107,"105421"
NLA12_IA-R02,"76387"
NLA06608-0860,"4819"
NLA06608-R715,"4709"
NLA12_IA-132,"30680"
NLA12_IA-134,"4985"
NLA06608-1544,"4448"
NLA06608-1223,"14958"
NLA12_WI-152,"5072"
NLA12_WI-188,"1084"
NLA12_WI-140,"21239"
NLA12_WI-101,"4467"
NLA12_WI-136,"3466"
NLA12_WI-134,"12908"
NLA06608-WI:Lowes,"106448"
NLA06608-0099,"4251"
NLA06608-0759,"5581"
NLA06608-1035,"53764"
NLA12_MN-378,"93197"
NLA12_IA-120,"5421"
NLA12_MN-204,"79633"
NLA06608-0008,"4351"
NLA12_MN-396,"11889"
NLA06608-2056,"4821"
NLA12_IA-150,"4607"
NLA06608-2036,"90099"
NLA12_MN-268,"137562"
NLA12_MN-444,"10902"
NLA06608-0968,"104389"
NLA06608-1527,"99295"
NLA12_MN-220,"59904"
NLA06608-1015,"5329"
NLA06608-MN:51-0063,"1694"
NLA06608-1736,"4594"
NLA12_MO-109,"78558"
NLA12_MO-122,"70239"
NLA06608-1232,"32807"
NLA12_IA-127,"31808"
NLA12_IA-127,"19195"
NLA06608-1936,"6185"
NLA06608-0091,"1643"
NLA12_IL-118,"7387"
NLA12_WI-168,"4259"
NLA06608-1179,"7252"
NLA12_IL-123,"6469"
NLA12_IL-123,"38047"
NLA06608-2219,"90123"
NLA06608-0859,"4734"
NLA12_IN-166,"2170"
NLA12_IL-106,"6473"
NLA12_IN-166,"133470"
NLA06608-0587,"277247"
NLA12_IL-123,"34878"
NLA06608-2987,"50613"
NLA12_IL-118,"7386"
NLA12_IN-105,"3305"
NLA12_IL-104,"6852"
NLA12_IL-123,"22364"
NLA12_IL-114,"6445"
NLA12_IL-109,"7041"
NLA06608-1724,"6573"
NLA06608-1840,"6981"
NLA06608-0112,"7045"
NLA06608-0672,"98370"
NLA12_MO-R01,"113702"
NLA06608-R775,"5726"
NLA06608-0624,"7030"
NLA06608-1376,"10987"
NLA12_MO-117,"77554"
NLA06608-0480,"28665"
NLA06608-0672,"40247"
NLA06608-0112,"118945"
NLA12_IL-120,"107591"
NLA06608-0112,"120023"
NLA12_MO-105,"78634"
NLA06608-0672,"7439"
NLA06608-0672,"9676"
NLA12_MS-113,"278354"
NLA06608-0608,"13008"
NLA06608-0048,"79728"
NLA12_TN-122,"278927"
NLA12_TN-106,"279632"
NLA12_TN-113,"279673"
NLA06608-0484,"279993"
NLA12_KY-104,"280120"
NLA12_TN-114,"280538"
NLA06608-0080,"281047"
NLA06608-0208,"281394"
NLA06608-0176,"42436"
NLA06608-1504,"6303"
NLA06608-0224,"28694"
NLA06608-0828,"284216"
NLA12_MS-106,"284642"
NLA06608-0444,"285023"
NLA12_MS-R03,"285616"
NLA06608-0508,"285952"
NLA06608-0432,"287042"
NLA06608-2492,"287499"
NLA12_MS-116,"288071"
NLA12_AR-105,"289009"
NLA12_LA-101,"292020"
NLA12_AR-111,"292237"
NLA06608-1204,"292666"
NLA06608-4650,"292897"
NLA06608-4650,"292947"
NLA12_LA-101,"293285"
NLA06608-4650,"293294"
NLA06608-0436,"293295"
NLA12_LA-106,"294762"
NLA06608-2524,"295145"
NLA06608-0583,"296283"
NLA12_LA-109,"296332"
NLA12_MS-119,"296509"
NLA12_LA-141,"297004"
NLA06608-0327,"297391"
NLA12_LA-172,"298913"
NLA06608-1863,"302034"
NLA12_LA-134,"302942"
NLA06608-0711,"303902"
NLA12_LA-152,"303903"
NLA12_LA-103,"307966"
NLA12_ND-126,"310720"
NLA12_ND-119,"310927"
NLA12_ND-199,"310966"
NLA12_ND-113,"311079"
NLA12_ND-194,"311086"
NLA06608-0634,"311228"
NLA12_ND-146,"311324"
NLA06608-0512,"311758"
NLA12_ND-198,"312250"
NLA12_ND-139,"313218"
NLA06608-0014,"313267"
NLA06608-0334,"313473"
NLA12_ND-162,"313825"
NLA12_ND-178,"313928"
NLA06608-0915,"133345"
NLA12_MN-248,"27710"
NLA12_MN-184,"81816"
NLA12_MN-277,"34956"
NLA12_MN-213,"116911"
NLA06608-0254,"314254"
NLA12_ND-105,"314256"
NLA12_ND-105,"314257"
NLA12_ND-101,"314262"
NLA06608-0558,"97380"
NLA12_MN-415,"59014"
NLA12_MN-127,"110697"
NLA12_MN-203,"103462"
NLA06608-1326,"86011"
NLA12_MN-206,"116913"
NLA12_MN-334,"63164"
NLA06608-0110,"69333"
NLA06608-0078,"314661"
NLA12_MN-131,"8595"
NLA12_MN-303,"49663"
NLA06608-0174,"140541"
NLA12_MN-265,"48646"
NLA12_MN-325,"30807"
NLA12_MN-115,"1411"
NLA12_MN-414,"96361"
NLA06608-0510,"315131"
NLA12_MN-267,"15091"
NLA12_MN-157,"116890"
NLA12_MN-153,"18204"
NLA12_MN-201,"44522"
NLA12_MN-217,"67271"
NLA06608-0659,"315976"
NLA12_SD-122,"316028"
NLA12_MN-287,"33907"
NLA12_MN-127,"65238"
NLA12_MN-395,"67262"
NLA12_MN-253,"36033"
NLA12_MN-189,"80752"
NLA06608-MN:56-0306,"1423"
NLA12_MN-281,"75549"
NLA06608-1134,"36032"
NLA12_ND-105,"316222"
NLA06608-0510,"316234"
NLA12_MN-335,"33921"
NLA12_MN-195,"48621"
NLA12_MN-207,"107627"
NLA12_MN-367,"112799"
NLA12_MN-271,"44536"
NLA12_MN-191,"25669"
NLA12_MN-341,"74452"
NLA12_MN-158,"37089"
NLA06608-0211,"102467"
NLA06608-0110,"86012"
NLA12_MN-269,"55886"
NLA12_ND-190,"316605"
NLA12_MN-143,"88125"
NLA12_MN-137,"130234"
NLA12_MN-141,"134430"
NLA12_MN-197,"16120"
NLA12_MN-178,"1344"
NLA06608-1102,"83994"
NLA06608-0782,"22508"
NLA12_MN-138,"79795"
NLA12_MN-233,"49699"
NLA12_MN-258,"100446"
NLA12_MN-150,"123279"
NLA12_MN-322,"114804"
NLA06608-1342,"20353"
NLA12_MN-306,"30871"
NLA12_MN-130,"18242"
NLA06608-1038,"63"
NLA12_MN-297,"90264"
NLA06608-0190,"68334"
NLA12_MN-202,"33983"
NLA06608-1150,"115930"
NLA06608-0526,"35013"
NLA06608-0833,"317001"
NLA06608-0001,"317084"
NLA06608-1377,"317229"
NLA06608-1674,"317308"
NLA06608-1633,"317383"
NLA12_MT-152,"317483"
NLA12_MT-143,"318031"
NLA12_MT-113,"318415"
NLA06608-0225,"318474"
NLA06608-2874,"318601"
NLA12_MT-107,"318645"
NLA06608-2800,"318808"
NLA06608-1344,"318885"
NLA06608-2170,"319086"
NLA12_MT-151,"319184"
NLA06608-0378,"319208"
NLA12_MT-156,"319211"
NLA06608-2426,"319431"
NLA06608-1002,"319503"
NLA12_MT-135,"319756"
NLA12_MT-138,"320134"
NLA12_MT-144,"321089"
NLA12_MT-119,"321673"
NLA06608-1600,"321725"
NLA06608-1856,"321911"
NLA12_MT-177,"322383"
NLA06608-0064,"322453"
NLA06608-1968,"322823"
NLA06608-0496,"322837"
NLA12_MT-118,"322841"
NLA06608-0944,"322940"
NLA12_MT-109,"323197"
NLA06608-0128,"323506"
NLA12_MT-161,"323994"
NLA06608-1510,"324219"
NLA12_MT-126,"324386"
NLA12_MT-154,"324587"
NLA12_MT-142,"324762"
NLA12_MT-142,"324866"
NLA12_MT-160,"325238"
NLA06608-0842,"325337"
NLA06608-1610,"325467"
NLA06608-1610,"325474"
NLA12_MT-162,"325554"
NLA12_WY-R04,"325573"
NLA06608-2634,"325669"
NLA06608-1338,"325836"
NLA06608-1866,"325987"
NLA12_WY-137,"325988"
NLA06608-0570,"326008"
NLA06608-1270,"326677"
NLA06608-0950,"326930"
NLA06608-0950,"327091"
NLA12_WY-117,"327180"
NLA06608-1354,"327277"
NLA06608-0042,"327630"
NLA12_WY-104,"328427"
NLA06608-2266,"328641"
NLA06608-1462,"329884"
NLA12_ND-186,"330632"
NLA12_ND-202,"331220"
NLA06608-1578,"331569"
NLA12_ND-163,"331675"
NLA06608-1210,"332034"
NLA06608-0384,"332262"
NLA06608-0222,"332282"
NLA12_ND-155,"332620"
NLA06608-0442,"334119"
NLA12_ND-187,"334169"
NLA12_SD-119,"335444"
NLA06608-2714,"336173"
NLA12_SD-172,"336329"
NLA12_SD-107,"337055"
NLA06608-0243,"337264"
NLA06608-0579,"337268"
NLA06608-0339,"337271"
NLA06608-1811,"337273"
NLA12_ND-196,"337948"
NLA06608-1719,"338071"
NLA12_SD-189,"338163"
NLA12_ND-173,"338177"
NLA12_SD-101,"338573"
NLA12_ND-118,"338918"
NLA12_ND-112,"339036"
NLA06608-1155,"339756"
NLA12_SD-157,"339876"
NLA06608-0531,"339889"
NLA06608-1107,"339898"
NLA06608-0515,"339903"
NLA06608-1006,"339912"
NLA06608-0019,"339915"
NLA06608-0275,"339916"
NLA12_ND-167,"340419"
NLA06608-0755,"340558"
NLA06608-0595,"340630"
NLA06608-0851,"340659"
NLA12_ND-134,"340758"
NLA12_SD-141,"340765"
NLA12_ND-151,"340820"
NLA06608-1086,"340823"
NLA12_ND-145,"341525"
NLA06608-0083,"341668"
NLA12_ND-131,"341692"
NLA06608-0718,"341798"
NLA12_SD-132,"342039"
NLA12_ND-160,"342398"
NLA12_ND-R18,"342433"
NLA06608-1719,"342497"
NLA12_ND-129,"342600"
NLA06608-1091,"342605"
NLA12_ND-R17,"342609"
NLA12_SD-140,"342642"
NLA06608-0762,"343076"
NLA12_ND-115,"343127"
NLA06608-0243,"343492"
NLA06608-1219,"343504"
NLA12_SD-168,"343711"
NLA06608-2103,"344134"
NLA12_SD-134,"344150"
NLA06608-0899,"344243"
NLA06608-0707,"344255"
NLA06608-2131,"344364"
NLA12_SD-183,"345199"
NLA06608-0967,"345607"
NLA12_SD-165,"345961"
NLA12_SD-137,"345970"
NLA12_SD-143,"346238"
NLA06608-0179,"346668"
NLA12_SD-133,"347275"
NLA06608-R7103,"347897"
NLA06608-1836,"348043"
NLA06608-0220,"348146"
NLA06608-R7101,"348209"
NLA12_NE-125,"348357"
NLA06608-1948,"348447"
NLA06608-R784,"348700"
NLA06608-0044,"348702"
NLA12_NE-121,"348933"
NLA06608-R788,"349094"
NLA12_NE-102,"349099"
NLA06608-1244,"349109"
NLA12_NE-112,"349276"
NLA12_SD-147,"349348"
NLA06608-3484,"349416"
NLA12_NE-127,"349479"
NLA06608-R7104,"349553"
NLA06608-1096,"349600"
NLA06608-0195,"349793"
NLA06608-1022,"349808"
NLA12_SD-110,"350080"
NLA12_SD-126,"350106"
NLA06608-0779,"350111"
NLA12_ND-172,"350314"
NLA06608-0439,"350399"
NLA06608-1575,"350718"
NLA06608-2087,"350923"
NLA12_SD-146,"350971"
NLA12_SD-102,"350983"
NLA06608-0766,"350988"
NLA06608-0407,"351436"
NLA12_ND-193,"351811"
NLA06608-0259,"351972"
NLA06608-1255,"352033"
NLA06608-1959,"352426"
NLA06608-1703,"352427"
NLA06608-1959,"352430"
NLA12_SD-138,"352431"
NLA12_ND-156,"352497"
NLA12_ND-164,"352558"
NLA06608-1655,"353890"
NLA12_SD-182,"354395"
NLA12_ND-172,"354524"
NLA06608-0126,"354526"
NLA12_ND-149,"354674"
NLA12_SD-111,"355124"
NLA12_SD-130,"355157"
NLA12_SD-154,"355166"
NLA12_SD-106,"355465"
NLA12_SD-131,"356004"
NLA12_SD-170,"356067"
NLA12_SD-114,"356262"
NLA06608-0663,"356411"
NLA12_SD-115,"356577"
NLA12_SD-198,"356818"
NLA06608-2123,"356843"
NLA06608-0523,"114824"
NLA06608-1687,"356881"
NLA12_SD-170,"356950"
NLA06608-0523,"41427"
NLA12_SD-162,"357171"
NLA06608-1879,"357176"
NLA06608-0295,"357202"
NLA06608-1319,"357230"
NLA06608-0247,"119048"
NLA06608-1675,"357513"
NLA06608-R796,"357699"
NLA12_NE-135,"357944"
NLA06608-1259,"358063"
NLA06608-0764,"358232"
NLA12_CO-131,"358320"
NLA06608-1596,"358454"
NLA12_NE-160,"358471"
NLA12_WY-R08,"358542"
NLA06608-2379,"358864"
NLA12_NE-107,"358948"
NLA06608-R792,"358951"
NLA06608-2715,"358973"
NLA06608-2027,"359104"
NLA06608-R791,"359204"
NLA12_WY-151,"359225"
NLA12_WY-130,"359240"
NLA12_NE-111,"359458"
NLA06608-1739,"359514"
NLA12_CO-104,"359518"
NLA06608-1083,"359752"
NLA06608-1595,"359753"
NLA06608-0016,"360013"
NLA06608-0635,"360271"
NLA12_CO-110,"360347"
NLA06608-1476,"360369"
NLA12_CO-124,"360396"
NLA12_CO-127,"360400"
NLA12_CO-119,"360550"
NLA06608-0715,"360568"
NLA06608-1147,"360687"
NLA06608-0955,"360861"
NLA12_WY-107,"361009"
NLA06608-0891,"361261"
NLA12_CO-111,"361292"
NLA12_CO-103,"361293"
NLA06608-0452,"361406"
NLA12_NE-170,"361694"
NLA12_NE-157,"361733"
NLA12_NE-149,"361761"
NLA12_NE-166,"362218"
NLA06608-0692,"362241"
NLA06608-0344,"362328"
NLA06608-0528,"362640"
NLA06608-0344,"362855"
NLA12_NE-154,"363003"
NLA12_NE-106,"363006"
NLA06608-R7106,"363083"
NLA12_NE-129,"363282"
NLA06608-1148,"363321"
NLA06608-0124,"364315"
NLA06608-2740,"364502"
NLA06608-2824,"364521"
NLA12_NE-114,"364810"
NLA12_NE-104,"364839"
NLA06608-2740,"364887"
NLA12_NE-156,"364942"
NLA12_NE-108,"365182"
NLA06608-2824,"365450"
NLA06608-2972,"365583"
NLA06608-2740,"365743"
NLA06608-0648,"365980"
NLA06608-3608,"366189"
NLA06608-3656,"366396"
NLA12_NE-133,"366579"
NLA06608-1975,"4686"
NLA06608-1975,"47641"
NLA12_MN-250,"16159"
NLA06608-0904,"116962"
NLA12_IA-109,"126411"
NLA06608-2039,"30904"
NLA06608-1975,"53947"
NLA12_IA-152,"4621"
NLA06608-1271,"140494"
NLA12_KS-109,"21473"
NLA12_KS-125,"125419"
NLA12_MO-103,"6199"
NLA06608-0880,"367582"
NLA06608-0720,"367583"
NLA06608-2640,"367584"
NLA12_NE-101,"367586"
NLA06608-0588,"367833"
NLA06608-2332,"367992"
NLA06608-1360,"368101"
NLA06608-2332,"368471"
NLA06608-2640,"368640"
NLA06608-0720,"368929"
NLA12_KS-122,"369724"
NLA06608-R759,"369860"
NLA06608-1208,"370136"
NLA06608-1052,"370141"
NLA12_KS-122,"370142"
NLA12_KS-122,"370279"
NLA06608-0312,"371089"
NLA12_NE-110,"371429"
NLA06608-3660,"371882"
NLA06608-1036,"372572"
NLA06608-1100,"372625"
NLA12_NE-158,"373372"
NLA06608-R750,"373914"
NLA12_KS-103,"374451"
NLA06608-0140,"374511"
NLA12_IA-113,"30931"
NLA06608-1012,"133274"
NLA12_MO-126,"99503"
NLA12_IA-R03,"5252"
NLA12_MO-115,"105646"
NLA06608-0632,"53992"
NLA06608-0632,"34027"
NLA06608-1576,"124389"
NLA12_MO-102,"6076"
NLA06608-0632,"118021"
NLA06608-0168,"71445"
NLA06608-R736,"374862"
NLA12_KS-121,"374879"
NLA06608-R733,"22578"
NLA06608-0632,"79833"
NLA06608-0632,"35055"
NLA06608-1576,"77704"
NLA06608-1576,"103592"
NLA06608-1576,"130156"
NLA06608-1640,"6176"
NLA12_MO-101,"65328"
NLA06608-1704,"112900"
NLA12_MO-119,"14159"
NLA06608-R772,"36107"
NLA06608-1576,"119108"
NLA06608-1640,"6068"
NLA06608-1640,"6067"
NLA12_KS-R08,"375169"
NLA06608-R746,"40393"
NLA12_MO-123,"132218"
NLA06608-1740,"38285"
NLA06608-0184,"36130"
NLA12_KS-130,"51902"
NLA06608-1120,"6299"
NLA06608-R769,"72475"
NLA12_MO-108,"54020"
NLA12_MO-R02,"39362"
NLA12_AR-106,"105709"
NLA06608-0372,"375983"
NLA12_CO-108,"376076"
NLA06608-0276,"376082"
NLA06608-1748,"376134"
NLA06608-0596,"376135"
NLA12_CO-129,"376254"
NLA06608-0864,"376372"
NLA12_CO-125,"376384"
NLA06608-0228,"376659"
NLA12_KS-105,"377502"
NLA12_KS-138,"377561"
NLA06608-0872,"378183"
NLA12_KS-124,"378651"
NLA06608-1824,"378799"
NLA06608-4064,"378803"
NLA06608-0120,"378906"
NLA12_OK-121,"379099"
NLA06608-0120,"379116"
NLA12_OK-121,"379117"
NLA06608-0120,"379118"
NLA06608-0120,"379310"
NLA06608-1804,"379312"
NLA06608-4206,"379470"
NLA12_OK-103,"379534"
NLA06608-0616,"379555"
NLA06608-1804,"379673"
NLA06608-0012,"379913"
NLA12_OK-103,"380389"
NLA12_OK-103,"380594"
NLA12_OK-103,"380595"
NLA06608-0120,"380596"
NLA06608-0120,"380597"
NLA06608-0120,"380785"
NLA12_OK-133,"380921"
NLA06608-0440,"380949"
NLA06608-0120,"381123"
NLA12_OK-103,"381127"
NLA12_OK-103,"381128"
NLA06608-4440,"381132"
NLA06608-4320,"381133"
NLA12_OK-302,"381285"
NLA06608-0120,"381343"
NLA12_OK-286,"381454"
NLA06608-R723,"381506"
NLA06608-0120,"381543"
NLA12_OK-134,"382263"
NLA12_KS-106,"382319"
NLA06608-4643,"382703"
NLA12_KS-107,"382811"
NLA12_OK-134,"382843"
NLA06608-1960,"383272"
NLA12_OK-134,"383433"
NLA06608-4504,"383871"
NLA06608-0744,"384000"
NLA06608-4949,"384428"
NLA06608-0376,"385057"
NLA06608-R730,"385059"
NLA12_OK-134,"385196"
NLA12_KS-126,"385592"
NLA12_OK-134,"385671"
NLA12_KS-R11,"385673"
NLA12_OK-109,"386238"
NLA12_OK-134,"386372"
NLA12_OK-134,"386374"
NLA12_OK-134,"386381"
NLA06608-1300,"386822"
NLA12_NM-117,"386826"
NLA06608-1380,"386846"
NLA06608-0996,"386857"
NLA12_NM-152,"386895"
NLA12_NM-105,"386909"
NLA12_NM-132,"386923"
NLA06608-1300,"386934"
NLA12_NM-129,"386935"
NLA06608-1124,"386983"
NLA12_NM-129,"386997"
NLA06608-0356,"387042"
NLA06608-1508,"387061"
NLA06608-2704,"387288"
NLA06608-3616,"387293"
NLA06608-0560,"387457"
NLA12_OK-101,"388261"
NLA06608-1164,"388725"
NLA12_OK-117,"389063"
NLA12_OK-296,"389109"
NLA06608-0268,"389398"
NLA12_OK-117,"389429"
NLA12_OK-105,"389511"
NLA06608-1016,"389581"
NLA06608-1420,"389749"
NLA06608-1568,"389772"
NLA06608-4056,"390029"
NLA12_OK-135,"390286"
NLA12_OK-306,"390321"
NLA06608-1164,"390389"
NLA12_OK-291,"390644"
NLA06608-2076,"390905"
NLA12_OK-299,"391146"
NLA06608-4414,"391542"
NLA06608-0332,"391572"
NLA12_OK-291,"391985"
NLA06608-1484,"392550"
NLA12_OK-107,"392710"
NLA06608-1356,"392824"
NLA06608-3320,"393134"
NLA12_AR-101,"393137"
NLA12_OK-311,"393187"
NLA06608-0540,"394055"
NLA06608-1564,"394542"
NLA06608-1488,"394609"
NLA06608-0244,"394755"
NLA06608-0180,"394758"
NLA06608-4659,"394759"
NLA12_OK-122,"395088"
NLA06608-4610,"395498"
NLA12_OK-102,"395553"
NLA06608-0152,"395554"
NLA06608-0856,"396235"
NLA06608-1432,"396291"
NLA06608-0284,"396562"
NLA12_OK-292,"396857"
NLA06608-0408,"397003"
NLA06608-0696,"397732"
NLA06608-0756,"398428"
NLA06608-3032,"399346"
NLA12_OK-293,"399552"
NLA06608-4382,"399996"
NLA06608-1368,"400208"
NLA06608-0204,"400352"
NLA06608-2996,"400477"
NLA06608-4828,"400846"
NLA06608-3480,"400961"
NLA12_TX-165,"401040"
NLA06608-0472,"401041"
NLA06608-1800,"401042"
NLA06608-1800,"401707"
NLA06608-1800,"401714"
NLA06608-1800,"401723"
NLA06608-1800,"401746"
NLA06608-1800,"401751"
NLA06608-1608,"402054"
NLA12_TX-232,"402579"
NLA06608-1800,"402876"
NLA12_TX-195,"402892"
NLA06608-1800,"402898"
NLA12_TX-157,"402922"
NLA06608-1800,"402931"
NLA06608-1800,"402946"
NLA06608-1608,"403215"
NLA06608-1608,"403216"
NLA12_OK-285,"403414"
NLA06608-1240,"403439"
NLA06608-1800,"404056"
NLA06608-1800,"404057"
NLA06608-1800,"404058"
NLA06608-1800,"404067"
NLA06608-1800,"404068"
NLA06608-1800,"404086"
NLA06608-1800,"404087"
NLA06608-1800,"404091"
NLA12_AR-109,"404104"
NLA06608-1800,"404114"
NLA12_LA-104,"404404"
NLA12_LA-104,"404416"
NLA06608-1800,"404576"
NLA06608-1800,"404577"
NLA06608-0500,"404579"
NLA06608-1800,"405226"
NLA06608-1800,"405238"
NLA06608-1800,"405246"
NLA06608-1800,"405264"
NLA06608-1800,"405294"
NLA12_LA-104,"405570"
NLA12_LA-161,"405719"
NLA06608-1560,"405739"
NLA12_LA-105,"405745"
NLA12_LA-104,"405748"
NLA06608-1800,"406390"
NLA06608-1800,"406417"
NLA06608-1800,"406423"
NLA12_LA-104,"406725"
NLA06608-0328,"406901"
NLA12_LA-102,"406903"
NLA06608-1800,"407574"
NLA06608-1800,"407583"
NLA06608-1800,"407592"
NLA06608-1800,"407593"
NLA06608-1800,"407605"
NLA06608-1800,"407606"
NLA06608-1800,"407637"
NLA06608-1800,"407638"
NLA06608-0328,"407672"
NLA12_LA-154,"407747"
NLA12_LA-155,"408017"
NLA12_TX-R08,"408125"
NLA06608-1800,"408128"
NLA06608-TX:30,"408131"
NLA06608-1288,"408132"
NLA06608-1800,"408792"
NLA06608-1800,"408793"
NLA06608-1800,"408804"
NLA06608-1800,"408805"
NLA06608-1800,"408812"
NLA06608-1800,"408813"
NLA06608-1800,"408821"
NLA06608-1800,"408852"
NLA06608-1800,"408853"
NLA06608-1608,"409125"
NLA06608-4929,"409284"
NLA12_TX-R09,"409450"
NLA06608-1800,"409870"
NLA06608-1800,"409871"
NLA06608-1800,"409899"
NLA06608-1800,"409916"
NLA06608-1800,"409922"
NLA06608-1800,"409928"
NLA06608-1800,"409929"
NLA06608-1608,"410227"
NLA06608-1224,"410665"
NLA12_TX-235,"410784"
NLA06608-1735,"410837"
NLA12_TX-117,"411081"
NLA06608-TX:22,"413016"
NLA12_TX-169,"414005"
NLA12_TX-141,"414090"
NLA12_TX-141,"414400"
NLA06608-1047,"414409"
NLA12_TX-R02,"414478"
NLA06608-2072,"414492"
NLA12_TX-137,"415369"
NLA06608-0024,"415677"
NLA06608-0024,"416042"
NLA06608-1496,"416351"
NLA06608-2776,"416479"
NLA12_TX-202,"416561"
NLA06608-3083,"417036"
NLA06608-3083,"417042"
NLA06608-3083,"417043"
NLA06608-3083,"417045"
NLA12_TX-176,"417684"
NLA12_TX-187,"417753"
NLA06608-1992,"417754"
NLA12_TX-199,"417781"
NLA12_TX-109,"417841"
NLA06608-3083,"417960"
NLA06608-3083,"417964"
NLA06608-3083,"417965"
NLA06608-3083,"418885"
NLA06608-1672,"419426"
NLA12_TX-109,"419662"
NLA06608-3083,"419785"
NLA06608-3083,"419786"
NLA12_TX-114,"419891"
NLA06608-0456,"419896"
NLA12_TX-160,"420132"
NLA12_TX-170,"420510"
NLA06608-3083,"420626"
NLA06608-3083,"420652"
NLA06608-3083,"420657"
NLA06608-3083,"420659"
NLA06608-3083,"420670"
NLA12_TX-110,"420755"
NLA06608-3083,"420756"
NLA12_TX-148,"420780"
NLA06608-3096,"421328"
NLA06608-3096,"421329"
NLA06608-3083,"421567"
NLA06608-3083,"421575"
NLA06608-3083,"421576"
NLA06608-3083,"421605"
NLA06608-3083,"421613"
NLA06608-3083,"421622"
NLA12_TX-121,"421724"
NLA06608-3083,"422477"
NLA06608-3083,"422490"
NLA06608-3083,"422523"
NLA06608-3083,"422524"
NLA06608-3083,"422538"
NLA12_TX-218,"422639"
NLA12_TX-128,"422699"
NLA12_TX-110,"422874"
NLA06608-0456,"423035"
NLA06608-0456,"423036"
NLA06608-3083,"423381"
NLA06608-3083,"423392"
NLA06608-3083,"423419"
NLA06608-3083,"423421"
NLA06608-3083,"423423"
NLA12_TX-129,"424568"
NLA12_TX-161,"425150"
NLA12_TX-118,"425833"
NLA12_TX-201,"427370"
NLA06608-2663,"427420"
NLA12_TX-118,"427439"
NLA06608-0144,"429531"
NLA06608-2120,"429629"
NLA06608-0712,"429714"
NLA12_TX-190,"429770"
NLA06608-0144,"430182"
NLA12_TX-136,"430183"
NLA12_TX-234,"430418"
NLA12_TX-124,"430556"
NLA06608-2807,"430561"
NLA12_TX-124,"430650"
NLA12_TX-144,"430814"
NLA06608-3228,"430916"
NLA06608-TX:15,"430917"
NLA06608-0072,"431850"
NLA12_TX-112,"431899"
NLA06608-TX:29,"432316"
NLA06608-0599,"433888"
NLA12_TX-196,"434041"
NLA12_TX-205,"434392"
NLA06608-1623,"435195"
NLA06608-2924,"435483"
NLA12_TX-152,"435674"
NLA12_TX-182,"436104"
NLA12_TX-107,"436489"
NLA06608-TX:10,"437814"
NLA06608-2759,"438003"
NLA06608-TX:27,"438262"
NLA12_TX-159,"438609"
NLA06608-1436,"438778"
NLA06608-TX:14,"438779"
NLA06608-2094,"440495"
NLA06608-1191,"440831"
NLA06608-3303,"441620"
NLA06608-TX:5,"443609"
NLA12_TX-135,"444045"
NLA06608-1630,"444261"
NLA06608-TX:5,"444945"
NLA06608-TX:5,"444955"
NLA06608-TX:5,"445186"
NLA06608-0003,"445489"
NLA12_TX-158,"445543"
NLA06608-TX:5,"445839"
NLA06608-TX:5,"445854"
NLA06608-TX:5,"446728"
NLA12_CO-121,"447155"
NLA06608-0116,"447459"
NLA06608-1279,"447477"
NLA12_NM-161,"447497"
NLA12_NM-133,"447705"
NLA06608-0564,"447737"
NLA06608-0260,"447742"
NLA06608-0340,"447774"
NLA06608-0015,"447806"
NLA06608-1295,"447823"
NLA06608-0483,"447866"
NLA06608-0483,"447915"
NLA12_NM-160,"448036"
NLA06608-1236,"448105"
NLA06608-1715,"448677"
NLA12_CO-130,"449212"
NLA06608-1483,"449634"
NLA06608-0468,"449898"
NLA12_CO-114,"449960"
NLA06608-0495,"450040"
NLA06608-1455,"450059"
NLA06608-0687,"450105"
NLA06608-0495,"450193"
NLA06608-0511,"450213"
NLA12_CO-107,"450443"
NLA12_WY-147,"450462"
NLA06608-0970,"450463"
NLA12_UT-118,"450478"
NLA12_WY-116,"450587"
NLA12_UT-109,"450615"
NLA06608-0090,"450732"
NLA12_WY-120,"450813"
NLA12_WY-105,"450816"
NLA12_UT-229,"450862"
NLA12_WY-103,"450977"
NLA12_WY-131,"450981"
NLA06608-1631,"451138"
NLA12_UT-412,"451362"
NLA06608-1818,"451428"
NLA06608-1562,"451472"
NLA12_WY-125,"451522"
NLA06608-1695,"451676"
NLA12_UT-343,"451688"
NLA12_UT-122,"451697"
NLA12_WY-133,"451808"
NLA06608-0079,"451862"
NLA12_CO-R10,"451898"
NLA12_CO-115,"452140"
NLA12_CO-R07,"452226"
NLA06608-2345,"452294"
NLA12_UT-424,"452359"
NLA12_UT-374,"452373"
NLA06608-1119,"452446"
NLA12_UT-125,"452451"
NLA06608-2463,"452480"
NLA12_UT-400,"452556"
NLA12_UT-359,"452700"
NLA06608-0637,"452712"
NLA12_UT-260,"452714"
NLA12_UT-102,"452797"
NLA06608-0927,"452798"
NLA06608-0671,"452839"
NLA06608-1321,"452896"
NLA06608-2429,"452898"
NLA06608-1439,"452899"
NLA12_UT-196,"452903"
NLA06608-1183,"452918"
NLA12_UT-165,"453084"
NLA06608-0169,"453086"
NLA12_UT-264,"453117"
NLA06608-1284,"453140"
NLA06608-0004,"453155"
NLA12_NM-134,"453161"
NLA12_CO-133,"453352"
NLA12_NM-162,"453371"
NLA12_CO-117,"453433"
NLA12_NM-150,"453537"
NLA06608-2372,"453586"
NLA06608-0733,"453659"
NLA06608-1261,"453660"
NLA12_UT-173,"453667"
NLA12_NV-103,"453698"
NLA06608-2477,"453717"
NLA06608-0925,"453751"
NLA06608-2457,"453761"
NLA12_AZ-127,"453764"
NLA06608-2797,"453773"
NLA06608-1577,"453829"
NLA12_AZ-R02,"453831"
NLA06608-0895,"453856"
NLA06608-0873,"453902"
NLA12_AZ-R01,"453903"
NLA12_AZ-157,"453914"
NLA06608-0127,"453920"
NLA06608-0809,"453945"
NLA06608-0617,"453963"
NLA06608-1151,"453976"
NLA06608-0836,"454013"
NLA06608-1129,"454032"
NLA12_AZ-103,"454039"
NLA06608-0877,"454077"
NLA06608-0061,"454185"
NLA12_AZ-123,"454253"
NLA12_AZ-140,"454301"
NLA12_AZ-145,"454392"
NLA06608-0130,"454431"
NLA06608-0834,"454700"
NLA06608-1593,"454733"
NLA06608-1602,"454753"
NLA12_AZ-118,"454761"
NLA12_AZ-102,"454810"
NLA12_AZ-143,"454841"
NLA12_AZ-130,"454863"
NLA06608-0770,"454869"
NLA06608-0962,"455025"
NLA06608-0241,"455026"
NLA06608-1521,"455074"
NLA06608-3313,"455076"
NLA12_WY-115,"455122"
NLA06608-0497,"455160"
NLA12_UT-126,"455238"
NLA12_ID-203,"455244"
NLA06608-2322,"455248"
NLA12_UT-148,"455636"
NLA12_UT-128,"455698"
NLA06608-0850,"455788"
NLA06608-2801,"455797"
NLA12_UT-294,"455943"
NLA06608-2685,"455969"
NLA06608-1170,"455977"
NLA12_UT-203,"456050"
NLA06608-1810,"456076"
NLA12_UT-409,"456130"
NLA12_UT-325,"456172"
NLA12_UT-160,"456176"
NLA12_UT-218,"456243"
NLA12_UT-324,"456254"
NLA12_UT-218,"456264"
NLA06608-1874,"456356"
NLA12_UT-147,"456443"
NLA12_UT-159,"456455"
NLA12_UT-137,"456465"
NLA12_UT-169,"456486"
NLA12_UT-397,"456508"
NLA12_UT-210,"456542"
NLA06608-1753,"456547"
NLA12_UT-141,"456550"
NLA06608-0105,"456588"
NLA12_UT-186,"456604"
NLA12_UT-392,"456619"
NLA06608-0425,"456650"
NLA12_UT-222,"456664"
NLA06608-0825,"456685"
NLA06608-1529,"456733"
NLA12_CA-154,"456734"
NLA12_NV-137,"456791"
NLA06608-NV:3,"456814"
NLA06608-1893,"456842"
NLA12_NV-105,"456843"
NLA12_NV-177,"456883"
NLA12_NV-167,"456892"
NLA12_NV-R01,"456896"
NLA12_CA-R13,"456932"
NLA12_CA-R02,"456953"
NLA06608-0905,"457035"
NLA12_NV-109,"457037"
NLA06608-2889,"457038"
NLA12_CA-R09,"457088"
NLA06608-2185,"457119"
NLA12_CA-123,"457133"
NLA06608-0137,"457192"
NLA06608-0073,"457244"
NLA06608-2037,"457255"
NLA12_NV-141,"457285"
NLA12_CA-200,"457341"
NLA12_NV-193,"457347"
NLA12_NV-106,"457389"
NLA12_NV-144,"457492"
NLA06608-0797,"457589"
NLA12_ID-103,"457597"
NLA06608-1953,"457600"
NLA06608-1985,"457646"
NLA06608-1281,"457666"
NLA12_ID-180,"457685"
NLA06608-1217,"457973"
NLA12_MT-124,"457983"
NLA12_ID-121,"458009"
NLA06608-2497,"458010"
NLA12_ID-102,"458012"
NLA12_ID-165,"458019"
NLA06608-1985,"458022"
NLA06608-1793,"458026"
NLA06608-2305,"458028"
NLA06608-0257,"458063"
NLA06608-1473,"458314"
NLA06608-0129,"458320"
NLA12_MT-164,"458321"
NLA12_MT-111,"458322"
NLA12_MT-136,"458324"
NLA12_WA-126,"458357"
NLA12_ID-121,"458361"
NLA06608-1537,"458377"
NLA06608-2177,"458460"
NLA06608-1985,"458685"
NLA12_ID-207,"458722"
NLA06608-1985,"458728"
NLA06608-1985,"459064"
NLA12_MT-120,"459220"
NLA06608-0257,"459445"
NLA06608-3265,"459466"
NLA12_ID-112,"459528"
NLA06608-2241,"459828"
NLA06608-2049,"459830"
NLA06608-1089,"459834"
NLA06608-1857,"459835"
NLA12_MT-105,"459837"
NLA06608-0769,"459884"
NLA06608-1985,"460180"
NLA06608-0961,"460181"
NLA06608-1153,"460183"
NLA06608-0929,"460184"
NLA12_MT-140,"460408"
NLA12_WA-147,"460594"
NLA06608-0785,"460616"
NLA12_WA-R09,"460663"
NLA12_WA-R08,"460763"
NLA12_WA-116,"460912"
NLA12_WA-131,"461288"
NLA12_WA-111,"461289"
NLA06608-0785,"461327"
NLA12_WA-R10,"461376"
NLA06608-0449,"461480"
NLA06608-1297,"461490"
NLA06608-1041,"461572"
NLA12_WA-104,"461619"
NLA06608-0529,"461718"
NLA06608-R10RAINYL,"461746"
NLA06608-0529,"461847"
NLA12_WA-124,"462149"
NLA12_WA-115,"462169"
NLA12_WA-112,"462184"
NLA12_WA-120,"462390"
NLA06608-1057,"462423"
NLA12_WA-159,"462794"
NLA06608-0581,"463020"
NLA06608-0581,"463021"
NLA06608-2250,"463024"
NLA12_ID-166,"463086"
NLA06608-2954,"463110"
NLA12_ID-198,"463264"
NLA06608-0906,"463295"
NLA06608-1989,"463335"
NLA06608-0277,"463477"
NLA12_ID-151,"463505"
NLA06608-0837,"463525"
NLA06608-0837,"463526"
NLA12_ID-122,"463638"
NLA06608-1930,"463639"
NLA12_ID-214,"463792"
NLA12_ID-110,"463835"
NLA06608-0650,"463942"
NLA12_WY-124,"463944"
NLA06608-0049,"464128"
NLA12_ID-209,"464145"
NLA12_ID-113,"464181"
NLA12_ID-205,"464183"
NLA12_OR-105,"464221"
NLA12_ID-194,"464322"
NLA06608-0085,"464406"
NLA06608-3157,"464462"
NLA12_ID-168,"464465"
NLA06608-2453,"464549"
NLA06608-0597,"464604"
NLA12_ID-216,"464659"
NLA12_OR-112,"464740"
NLA12_OR-154,"464743"
NLA06608-3157,"464745"
NLA12_NV-127,"464827"
NLA12_ID-101,"464872"
NLA06608-0561,"464873"
NLA12_ID-175,"464992"
NLA06608-0625,"465004"
NLA12_ID-141,"465065"
NLA06608-2005,"465069"
NLA12_ID-145,"465089"
NLA12_ID-149,"465186"
NLA12_ID-220,"465198"
NLA12_ID-158,"465253"
NLA12_ID-221,"465513"
NLA12_ID-148,"465779"
NLA12_ID-215,"465916"
NLA06608-2753,"465959"
NLA12_ID-218,"466002"
NLA06608-R10CAPEHO,"466049"
NLA12_ID-210,"466067"
NLA06608-R10YELLOW,"466237"
NLA06608-1073,"466345"
NLA12_ID-142,"466417"
NLA06608-1329,"466542"
NLA06608-0005,"466620"
NLA06608-R10DEERLA,"466689"
NLA12_OR-121,"466696"
NLA12_OR-160,"466787"
NLA06608-0678,"466904"
NLA06608-2481,"466961"
NLA06608-R10CHARLT,"466989"
NLA12_OR-173,"467096"
NLA06608-0406,"467171"
NLA06608-2726,"467201"
NLA06608-2673,"467272"
NLA12_OR-103,"467276"
NLA12_OR-128,"467379"
NLA06608-R10COUNCI,"467576"
NLA12_WA-106,"467585"
NLA12_WA-146,"467711"
NLA12_WA-107,"467718"
NLA12_WA-129,"467772"
NLA06608-2134,"467929"
NLA06608-0934,"467966"
NLA12_OR-163,"468093"
NLA06608-1446,"468117"
NLA12_OR-144,"468120"
NLA12_OR-169,"468319"
NLA06608-1190,"468334"
NLA06608-1958,"468477"
NLA06608-1958,"468543"
NLA12_OR-104,"468739"
NLA12_OR-131,"468749"
NLA06608-1190,"468760"
NLA12_OR-158,"468856"
NLA06608-1958,"468859"
NLA12_OR-109,"468877"
NLA12_OR-106,"468918"
NLA06608-1446,"469242"
NLA12_OR-126,"469265"
NLA06608-1958,"469408"
NLA06608-1638,"469447"
NLA12_OR-110,"469458"
NLA06608-0849,"469580"
NLA06608-1426,"469593"
NLA12_OR-145,"469596"
NLA06608-2450,"469598"
NLA12_OR-129,"469599"
NLA06608-1426,"469716"
NLA06608-1426,"469717"
NLA12_OR-145,"469718"
NLA12_WA-125,"469732"
NLA12_OR-155,"469820"
NLA06608-1426,"469840"
NLA12_OR-133,"469921"
NLA12_OR-113,"469968"
NLA12_OR-145,"469981"
NLA12_OR-145,"470094"
NLA06608-0402,"470105"
NLA06608-0658,"470228"
NLA12_WA-101,"470232"
NLA06608-R10SQUAWL,"470290"
NLA12_OR-167,"470366"
NLA06608-1873,"470444"
NLA06608-0337,"470521"
NLA12_WA-154,"470556"
NLA12_WA-114,"470712"
NLA06608-0209,"470713"
NLA12_WA-157,"470727"
NLA06608-2257,"470759"
NLA06608-1489,"471302"
NLA12_WA-138,"471370"
NLA12_WA-118,"471389"
NLA06608-0193,"471487"
NLA12_WA-141,"471536"
NLA12_WA-121,"471609"
NLA12_WA-151,"471746"
NLA06608-1425,"471784"
NLA06608-R10ULAKE,"472027"
NLA06608-0081,"472141"
NLA12_WA-103,"472267"
NLA06608-1617,"472335"
NLA12_WA-109,"472380"
NLA12_WA-R11,"472455"
NLA06608-1266,"472701"
NLA12_OR-111,"472739"
NLA06608-R10FISHLA,"472741"
NLA12_OR-101,"472859"
NLA06608-2438,"473169"
NLA06608-0306,"473314"
NLA12_OR-123,"473512"
NLA12_CA-128,"474166"
NLA06608-R10FOURMI,"474252"
NLA06608-1058,"474374"
NLA06608-0201,"474533"
NLA12_CA-R05,"474678"
NLA12_CA-180,"474712"
NLA12_CA-206,"474803"
NLA12_CA-206,"474805"
NLA12_CA-116,"474845"
NLA12_CA-R12,"474958"
NLA12_CA-166,"475010"
NLA12_CA-167,"475020"
NLA12_CA-180,"475063"
NLA12_CA-105,"475176"
NLA12_CA-135,"475592"
NLA12_CA-R06,"475734"
NLA12_CA-R10,"475735"
NLA12_CA-112,"475754"
NLA12_CA-212,"475761"
NLA12_CA-206,"475866"
NLA12_CA-180,"475870"
NLA12_CA-141,"475877"
NLA12_CA-111,"476151"
NLA12_CA-132,"476164"
NLA06608-0290,"476648"
NLA12_CA-121,"476690"
NLA12_CA-190,"478488"
NLA12_CA-107,"478580"
NLA12_CA-108,"478723"
NLA12_CA-119,"479040"
NLA06608-1417,"479093"
NLA12_CA-157,"479186"
NLA12_CA-R03,"479355"
NLA06608-0393,"479679"
NLA12_CA-R01,"480825"
NLA12_CA-188,"480826"
NLA12_CA-143,"480934"
NLA12_CA-181,"480961"
NLA06608-0245,"481020"
NLA06608-0565,"481047"
NLA06608-1781,"481308"
NLA12_CA-145,"481530"
NLA12_CA-181,"481541"
NLA12_CA-168,"482073"
NLA12_CA-168,"482168"
NLA06608-0885,"482364"
NLA06608-1397,"482421"
NLA12_CA-172,"482570"
NLA12_CA-138,"482631"
NLA06608-1481,"482683"
NLA06608-1141,"482844"
NLA12_CA-156,"483097"
NLA12_CA-223,"483115"
NLA06608-1461,"483168"
NLA06608-0373,"483169"
NLA12_CA-104,"483184"
NLA12_CA-106,"483357"
NLA06608-0173,"483378"
